{
  "pca_ks": [
    16,
    32
  ],
  "architectures": [
    "gpt2",
    "pythia"
  ],
  "per_arch_max_gap": {
    "gpt2": {
      "16": 0.07922117260618933,
      "32": 0.08928180961992138
    },
    "pythia": {
      "16": 0.06997464228906047,
      "32": 0.06738150388173159
    }
  },
  "verdict": {
    "gpt2": "REJECTED",
    "pythia": "REJECTED"
  }
}